Package Name,Source,Version,Size (MB),Description,Aggregation Score (0-10),Reasoning,Capabilities
cowork-os,NPM,0.3.89,154.546,CoWork OS - The operating system for personal AI assistants,10,✅ Web scraping | ✅ Browser automation | ✅ Database/storage | ✅ Indexing/search | ✅ Monitoring/watching | ✅ API integration | ✅ Scheduling | ✅ Data processing,"Web Scraping | Browser Automation | Database Storage | Indexing | Monitoring | API Integration | Scheduling | Data Processing | Platforms: NPM, GitHub, Docker, Browser Extensions"
chibi-bot,PyPI,1.6.6,0.237,"Your Digital Companion. Self-hosted Telegram bot orchestrating multiple AI providers (OpenAI, Anthropic, Google, xAI, DeepSeek, Mistral, Alibaba, MiniMax) with autonomous agent capabilities, MCP integrations, and async task execution. Not a tool. A partner.",10,✅ Browser automation | ✅ Database/storage | ✅ Indexing/search | ✅ Monitoring/watching | ✅ API integration | ✅ Scheduling | ✅ Data processing,"Browser Automation | Database Storage | Indexing | Monitoring | API Integration | Scheduling | Data Processing | Platforms: GitHub, PyPI, Docker"
crackerjack,PyPI,0.54.2,12.864,Crackerjack Python project management tool,10,✅ Web scraping | ✅ Database/storage | ✅ Indexing/search | ✅ Monitoring/watching | ✅ API integration | ✅ Scheduling | ✅ Data processing,"Web Scraping | Database Storage | Indexing | Monitoring | API Integration | Scheduling | Data Processing | Platforms: GitHub, PyPI, Docker"
octo-agent,PyPI,0.7.8,0.497,AI agent engine — embeddable LangGraph supervisor with multi-agent orchestration,10,✅ Browser automation | ✅ Database/storage | ✅ Indexing/search | ✅ Monitoring/watching | ✅ API integration | ✅ Scheduling | ✅ Data processing,"Browser Automation | Database Storage | Indexing | Monitoring | API Integration | Scheduling | Data Processing | Platforms: NPM, GitHub, PyPI, Docker"
tappi,PyPI,0.9.0,5.783,"Lightweight CDP browser control for Python — with an AI agent that can browse, read PDFs, manage files, and automate tasks.",10,✅ Web scraping | ✅ Browser automation | ✅ Database/storage | ✅ Indexing/search | ✅ Monitoring/watching | ✅ API integration | ✅ Scheduling | ✅ Data processing,"Web Scraping | Browser Automation | Database Storage | Indexing | Monitoring | API Integration | Scheduling | Data Processing | Platforms: NPM, GitHub, PyPI, Browser Extensions, News/Articles"
codetrust,PyPI,2.7.0,0.03,"AI code safety platform — 280 rules, 10 enforcement layers, 5 enterprise services. AI Governance Gateway blocks destructive AI agent actions (76 real-time rules). Hallucination Detection verifies imports against PyPI/npm/crates.io/Go/Maven/NuGet/RubyGems/Packagist. Trust Score tracks safety drift. CVE scanning, license compliance, cross-file analysis, auto-fix PRs, RBAC. 45 API endpoints, 21 MCP tools, 1898 tests. CLI, VS Code extension, GitHub Action, MCP server.",10,✅ Web scraping | ✅ Database/storage | ✅ Monitoring/watching | ✅ API integration | ✅ Data processing,"Web Scraping | Database Storage | Monitoring | API Integration | Data Processing | Platforms: NPM, GitHub, PyPI, Docker, Browser Extensions"
mcp-codebase-index,PyPI,0.4.5,0.161,Structural codebase indexer with MCP server for AI-assisted development,10,✅ Web scraping | ✅ Database/storage | ✅ Indexing/search | ✅ Monitoring/watching | ✅ API integration | ✅ Scheduling | ✅ Data processing,"Web Scraping | Database Storage | Indexing | Monitoring | API Integration | Scheduling | Data Processing | Platforms: GitHub, PyPI, Docker"
@knowsuchagency/fulcrum,NPM,4.4.5,71.827,Harness Attention. Orchestrate Agents. Ship.,10,✅ Browser automation | ✅ Database/storage | ✅ Indexing/search | ✅ Monitoring/watching | ✅ API integration | ✅ Scheduling | ✅ Data processing,"Browser Automation | Database Storage | Indexing | Monitoring | API Integration | Scheduling | Data Processing | Platforms: GitHub, Docker, News/Articles"
@jungjaehoon/mama-os,NPM,0.9.5,4.344,MAMA OS - Your AI Operating System. Control + Visibility for AI-Powered Automation,10,✅ Web scraping | ✅ Browser automation | ✅ Database/storage | ✅ Indexing/search | ✅ Monitoring/watching | ✅ API integration | ✅ Scheduling | ✅ Data processing,"Web Scraping | Browser Automation | Database Storage | Indexing | Monitoring | API Integration | Scheduling | Data Processing | Platforms: NPM, GitHub, PyPI, Docker"
@phuetz/code-buddy,NPM,0.2.0,22.897,"Open-source multi-provider AI coding agent for the terminal. Supports Grok, Claude, ChatGPT, Gemini, Ollama and LM Studio with 52+ tools, multi-channel messaging, skills system, and OpenClaw-inspired architecture.",10,✅ Web scraping | ✅ Browser automation | ✅ Database/storage | ✅ Indexing/search | ✅ Monitoring/watching | ✅ API integration | ✅ Scheduling | ✅ Data processing,"Web Scraping | Browser Automation | Database Storage | Indexing | Monitoring | API Integration | Scheduling | Data Processing | Platforms: NPM, GitHub, PyPI, Docker, Browser Extensions, News/Articles"
penbot,PyPI,1.2.7,1.157,AI Chatbot Penetration Testing Framework,10,✅ Web scraping | ✅ Browser automation | ✅ Database/storage | ✅ Indexing/search | ✅ Monitoring/watching | ✅ API integration | ✅ Scheduling | ✅ Data processing,"Web Scraping | Browser Automation | Database Storage | Indexing | Monitoring | API Integration | Scheduling | Data Processing | Platforms: GitHub, PyPI, Docker"
massgen,PyPI,0.1.54,80.573,Multi-Agent Scaling System - A powerful framework for collaborative AI,10,✅ Web scraping | ✅ Browser automation | ✅ Database/storage | ✅ Indexing/search | ✅ Monitoring/watching | ✅ API integration | ✅ Scheduling | ✅ Data processing,"Web Scraping | Browser Automation | Database Storage | Indexing | Monitoring | API Integration | Scheduling | Data Processing | Platforms: NPM, GitHub, PyPI, Docker, Browser Extensions, News/Articles"
topaz-agent-kit,PyPI,0.12.5,5.128,Config-driven multi-agent orchestration kit with optional API/UI/MCP extras,10,✅ Web scraping | ✅ Browser automation | ✅ Database/storage | ✅ Indexing/search | ✅ Monitoring/watching | ✅ API integration | ✅ Scheduling | ✅ Data processing,"Web Scraping | Browser Automation | Database Storage | Indexing | Monitoring | API Integration | Scheduling | Data Processing | Platforms: GitHub, PyPI, News/Articles"
neo4j-agent-memory,PyPI,0.0.3,0.436,A comprehensive memory system for AI agents using Neo4j,10,✅ Web scraping | ✅ Database/storage | ✅ Indexing/search | ✅ Monitoring/watching | ✅ API integration | ✅ Scheduling | ✅ Data processing,"Web Scraping | Database Storage | Indexing | Monitoring | API Integration | Scheduling | Data Processing | Platforms: NPM, GitHub, PyPI, Docker, Browser Extensions, News/Articles"
PraisonAI,PyPI,4.5.15,3.453,"PraisonAI is an AI Agents Framework with Self Reflection. PraisonAI application combines PraisonAI Agents, AutoGen, and CrewAI into a low-code solution for building and managing multi-agent LLM systems, focusing on simplicity, customisation, and efficient human-agent collaboration.",10,✅ Web scraping | ✅ Browser automation | ✅ Database/storage | ✅ Indexing/search | ✅ Monitoring/watching | ✅ API integration | ✅ Scheduling | ✅ Data processing,"Web Scraping | Browser Automation | Database Storage | Indexing | Monitoring | API Integration | Scheduling | Data Processing | Platforms: NPM, GitHub, PyPI, News/Articles"
sandcastle-ai,PyPI,0.10.0,0.529,"Production-ready workflow orchestrator for AI agents. Define pipelines in YAML, run locally with zero config, scale to production.",10,✅ Web scraping | ✅ Browser automation | ✅ Database/storage | ✅ Indexing/search | ✅ Monitoring/watching | ✅ API integration | ✅ Scheduling | ✅ Data processing,"Web Scraping | Browser Automation | Database Storage | Indexing | Monitoring | API Integration | Scheduling | Data Processing | Platforms: NPM, GitHub, PyPI, Docker, News/Articles"
donkit-ragops,PyPI,0.5.16,0.676,CLI agent for building RAG pipelines,10,✅ Web scraping | ✅ Browser automation | ✅ Database/storage | ✅ Indexing/search | ✅ Monitoring/watching | ✅ API integration | ✅ Scheduling | ✅ Data processing,"Web Scraping | Browser Automation | Database Storage | Indexing | Monitoring | API Integration | Scheduling | Data Processing | Platforms: NPM, GitHub, PyPI, Docker"
omega-memory,PyPI,0.10.6,1.181,Persistent memory for AI coding agents — #1 on LongMemEval benchmark,10,✅ Web scraping | ✅ Database/storage | ✅ Indexing/search | ✅ Monitoring/watching | ✅ API integration | ✅ Scheduling | ✅ Data processing,"Web Scraping | Database Storage | Indexing | Monitoring | API Integration | Scheduling | Data Processing | Platforms: GitHub, PyPI, Docker, News/Articles"
praisonaiagents,PyPI,1.5.15,2.306,Praison AI agents for completing complex tasks with Self Reflection Agents,10,✅ Web scraping | ✅ Browser automation | ✅ Database/storage | ✅ Indexing/search | ✅ Monitoring/watching | ✅ API integration | ✅ Scheduling | ✅ Data processing,"Web Scraping | Browser Automation | Database Storage | Indexing | Monitoring | API Integration | Scheduling | Data Processing | Platforms: NPM, GitHub, PyPI, News/Articles"
orionbelt-analytics,PyPI,0.5.0,0.452,OrionBelt Analytics - the Ontology-based MCP server for your Text-2-SQL convenience,10,✅ Web scraping | ✅ Database/storage | ✅ Indexing/search | ✅ Monitoring/watching | ✅ API integration | ✅ Scheduling | ✅ Data processing,"Web Scraping | Database Storage | Indexing | Monitoring | API Integration | Scheduling | Data Processing | Platforms: GitHub, PyPI, Docker, Browser Extensions"
@probelabs/probe,NPM,0.6.0-rc254,48.062,Node.js wrapper for the probe code search tool,10,✅ Web scraping | ✅ Database/storage | ✅ Indexing/search | ✅ Monitoring/watching | ✅ API integration | ✅ Scheduling | ✅ Data processing,"Web Scraping | Database Storage | Indexing | Monitoring | API Integration | Scheduling | Data Processing | Platforms: NPM, GitHub"
mengram-ai,PyPI,2.11.0,0.269,"Human-like memory for AI — semantic, episodic & procedural. Experience-driven procedures, Cognitive Profile, unified search, memory agents. Free open-source Mem0 alternative.",10,✅ Web scraping | ✅ Database/storage | ✅ Indexing/search | ✅ API integration | ✅ Scheduling | ✅ Data processing,"Web Scraping | Database Storage | Indexing | API Integration | Scheduling | Data Processing | Platforms: NPM, GitHub, PyPI"
selvage,PyPI,0.4.1,0.371,LLM 기반 코드 리뷰 도구,10,✅ Web scraping | ✅ Database/storage | ✅ Monitoring/watching | ✅ API integration | ✅ Scheduling | ✅ Data processing,"Web Scraping | Database Storage | Monitoring | API Integration | Scheduling | Data Processing | Platforms: GitHub, PyPI, Docker"
roam-code,PyPI,9.1.0,0.909,Instant codebase comprehension for AI coding agents,10,✅ Web scraping | ✅ Database/storage | ✅ Indexing/search | ✅ Monitoring/watching | ✅ API integration | ✅ Data processing,"Web Scraping | Database Storage | Indexing | Monitoring | API Integration | Data Processing | Platforms: NPM, GitHub, PyPI, Docker, Browser Extensions"
mcp-tap,PyPI,0.5.3,0.461,"The last MCP server you install by hand. Discover, install, and configure MCP servers from inside your AI assistant.",10,✅ Web scraping | ✅ Database/storage | ✅ Indexing/search | ✅ Monitoring/watching | ✅ API integration | ✅ Scheduling | ✅ Data processing,"Web Scraping | Database Storage | Indexing | Monitoring | API Integration | Scheduling | Data Processing | Platforms: NPM, GitHub, PyPI, Docker"
ruvbot,NPM,0.3.1,7.533,"Enterprise-grade self-learning AI assistant with military-strength security, 150x faster vector search, and 12+ LLM models",10,✅ Web scraping | ✅ Database/storage | ✅ Indexing/search | ✅ Monitoring/watching | ✅ API integration | ✅ Scheduling | ✅ Data processing,"Web Scraping | Database Storage | Indexing | Monitoring | API Integration | Scheduling | Data Processing | Platforms: NPM, GitHub, PyPI, Docker"
bpsa,PyPI,1.23.6,0.598,"Beyond Python SmolAgents (BPSA) — a multi-language, multi-agent framework forked from HuggingFace smolagents.",10,✅ Web scraping | ✅ Browser automation | ✅ Database/storage | ✅ Indexing/search | ✅ Monitoring/watching | ✅ API integration | ✅ Scheduling | ✅ Data processing,"Web Scraping | Browser Automation | Database Storage | Indexing | Monitoring | API Integration | Scheduling | Data Processing | Platforms: GitHub, PyPI, Docker, Browser Extensions"
penguiflow,PyPI,2.11.7,8.559,Async-first orchestration library for multi-agent and data pipelines,10,✅ Web scraping | ✅ Browser automation | ✅ Database/storage | ✅ Indexing/search | ✅ Monitoring/watching | ✅ API integration | ✅ Scheduling | ✅ Data processing,"Web Scraping | Browser Automation | Database Storage | Indexing | Monitoring | API Integration | Scheduling | Data Processing | Platforms: GitHub, PyPI"
enable-ai,PyPI,0.3.34,0.208,AI-powered natural language interface for REST APIs with OpenAPI support and real-time streaming,10,✅ Web scraping | ✅ Database/storage | ✅ Indexing/search | ✅ API integration | ✅ Scheduling | ✅ Data processing,"Web Scraping | Database Storage | Indexing | API Integration | Scheduling | Data Processing | Platforms: NPM, GitHub, PyPI, Browser Extensions"
chuscraper,PyPI,0.19.3,0.713,"A blazing fast, async-first, undetectable webscraping/web automation framework",10,✅ Web scraping | ✅ Browser automation | ✅ Database/storage | ✅ Indexing/search | ✅ Monitoring/watching | ✅ API integration | ✅ Scheduling | ✅ Data processing,"Web Scraping | Browser Automation | Database Storage | Indexing | Monitoring | API Integration | Scheduling | Data Processing | Platforms: GitHub, PyPI, Docker, Browser Extensions"
pmos-brain,PyPI,3.2.0,0.255,"Semantic Knowledge Graph with Graph Analytics, Event Sourcing, Enrichment Pipeline, Vector Search, MCP Server & Quality Scoring",10,✅ Web scraping | ✅ Database/storage | ✅ Indexing/search | ✅ Monitoring/watching | ✅ API integration | ✅ Scheduling | ✅ Data processing,"Web Scraping | Database Storage | Indexing | Monitoring | API Integration | Scheduling | Data Processing | Platforms: GitHub, PyPI"
pyworkflow-engine,PyPI,0.1.35,0.706,"A Python implementation of durable, event-sourced workflows inspired by Vercel Workflow",10,✅ Web scraping | ✅ Database/storage | ✅ Monitoring/watching | ✅ API integration | ✅ Scheduling | ✅ Data processing,"Web Scraping | Database Storage | Monitoring | API Integration | Scheduling | Data Processing | Platforms: GitHub, PyPI, Docker"
mywork-ai,PyPI,3.0.0,3.656,"Complete AI-powered development framework with 78 CLI commands for code generation, project analysis, n8n workflow automation, security scanning, and deployment",10,✅ Web scraping | ✅ Database/storage | ✅ Indexing/search | ✅ Monitoring/watching | ✅ API integration | ✅ Scheduling,"Web Scraping | Database Storage | Indexing | Monitoring | API Integration | Scheduling | Platforms: NPM, GitHub, PyPI, Docker"
opencastor,PyPI,2026.2.20.10,0.722,The Universal Runtime for Embodied AI,10,✅ Web scraping | ✅ Database/storage | ✅ Indexing/search | ✅ Monitoring/watching | ✅ API integration | ✅ Scheduling | ✅ Data processing,"Web Scraping | Database Storage | Indexing | Monitoring | API Integration | Scheduling | Data Processing | Platforms: GitHub, PyPI, Docker"
wunderland,NPM,0.25.0,3.449,"AI-powered personal assistant framework built on AgentOS, forked from OpenClaw channels/integrations/bridges - adaptive agents with HEXACO personality, multi-channel communication, hierarchical inference, and human-in-the-loop security",10,✅ Web scraping | ✅ Browser automation | ✅ Database/storage | ✅ Indexing/search | ✅ Monitoring/watching | ✅ API integration | ✅ Scheduling | ✅ Data processing,"Web Scraping | Browser Automation | Database Storage | Indexing | Monitoring | API Integration | Scheduling | Data Processing | Platforms: NPM, GitHub, PyPI, Browser Extensions, News/Articles"
local-deep-research,PyPI,1.3.52,8.572,"AI-powered research assistant with deep, iterative analysis using LLMs and web searches",10,✅ Web scraping | ✅ Database/storage | ✅ Indexing/search | ✅ Monitoring/watching | ✅ API integration | ✅ Scheduling | ✅ Data processing,"Web Scraping | Database Storage | Indexing | Monitoring | API Integration | Scheduling | Data Processing | Platforms: NPM, GitHub, PyPI, Docker, News/Articles"
shotgun-sh,PyPI,0.10.11,1.08,"AI-powered research, planning, and task management CLI tool",10,✅ Web scraping | ✅ Browser automation | ✅ Database/storage | ✅ Indexing/search | ✅ Monitoring/watching | ✅ API integration | ✅ Scheduling | ✅ Data processing,"Web Scraping | Browser Automation | Database Storage | Indexing | Monitoring | API Integration | Scheduling | Data Processing | Platforms: GitHub, PyPI, Docker"
zen-ai-pentest,PyPI,3.0.0,2.903,Advanced AI-Powered Penetration Testing Framework with Multi-Agent Orchestration,10,✅ Browser automation | ✅ Database/storage | ✅ Indexing/search | ✅ Monitoring/watching | ✅ API integration | ✅ Scheduling | ✅ Data processing,"Browser Automation | Database Storage | Indexing | Monitoring | API Integration | Scheduling | Data Processing | Platforms: GitHub, PyPI, Docker"
argus-debate-ai,PyPI,3.1.0,1.186,"ARGUS: Production-ready multi-agent AI debate framework with RAG, Bayesian reasoning, provenance tracking, 50+ tool integrations, OpenAPI REST generation, context caching/compression, and advanced LLM orchestration for scientific discovery, fact-checking, and evidence-based decision-making",10,✅ Web scraping | ✅ Browser automation | ✅ Database/storage | ✅ Indexing/search | ✅ Monitoring/watching | ✅ API integration | ✅ Scheduling | ✅ Data processing,"Web Scraping | Browser Automation | Database Storage | Indexing | Monitoring | API Integration | Scheduling | Data Processing | Platforms: GitHub, PyPI, Docker, Browser Extensions, News/Articles"
flujo,PyPI,0.6.11,2.677,"A modern, type-safe framework for building AI-powered applications with structured outputs and robust error handling.",10,✅ Web scraping | ✅ Database/storage | ✅ Indexing/search | ✅ Monitoring/watching | ✅ API integration | ✅ Scheduling | ✅ Data processing,"Web Scraping | Database Storage | Indexing | Monitoring | API Integration | Scheduling | Data Processing | Platforms: GitHub, PyPI, Docker, Browser Extensions, News/Articles"
unique_toolkit,PyPI,1.46.12,8.202,,10,✅ Web scraping | ✅ Database/storage | ✅ Indexing/search | ✅ Monitoring/watching | ✅ API integration | ✅ Scheduling | ✅ Data processing,"Web Scraping | Database Storage | Indexing | Monitoring | API Integration | Scheduling | Data Processing | Platforms: GitHub, PyPI, Browser Extensions"
sago,PyPI,0.2.0,0.147,Spec-Aware Generation Orchestrator - turns markdown specs into working code,10,✅ Browser automation | ✅ Database/storage | ✅ Indexing/search | ✅ Monitoring/watching | ✅ API integration | ✅ Scheduling | ✅ Data processing,"Browser Automation | Database Storage | Indexing | Monitoring | API Integration | Scheduling | Data Processing | Platforms: GitHub, PyPI"
genrepo,PyPI,0.1.6,0.047,Add your description here,10,✅ Web scraping | ✅ Database/storage | ✅ Monitoring/watching | ✅ API integration | ✅ Scheduling,"Web Scraping | Database Storage | Monitoring | API Integration | Scheduling | Platforms: GitHub, PyPI, Docker"
jleechanorg-pr-automation,PyPI,0.2.153,0.46,GitHub PR automation system with safety limits and actionable counting,10,✅ Browser automation | ✅ Database/storage | ✅ Indexing/search | ✅ Monitoring/watching | ✅ API integration | ✅ Scheduling | ✅ Data processing,"Browser Automation | Database Storage | Indexing | Monitoring | API Integration | Scheduling | Data Processing | Platforms: GitHub, PyPI, Browser Extensions"
parlant,PyPI,3.2.2,180.217,,10,✅ Web scraping | ✅ Database/storage | ✅ Monitoring/watching | ✅ API integration | ✅ Scheduling | ✅ Data processing,"Web Scraping | Database Storage | Monitoring | API Integration | Scheduling | Data Processing | Platforms: GitHub, PyPI"
nightcrawler-mitm,PyPI,0.11.0,0.094,"A mitmproxy addon for background passive analysis, crawling, and basic active scanning, designed as a security researcher's sidekick.",10,✅ Web scraping | ✅ Browser automation | ✅ Database/storage | ✅ Indexing/search | ✅ Monitoring/watching | ✅ API integration | ✅ Scheduling | ✅ Data processing,"Web Scraping | Browser Automation | Database Storage | Indexing | Monitoring | API Integration | Scheduling | Data Processing | Platforms: GitHub, PyPI"
sqlstratum,PyPI,0.2.1,0.033,"Lightweight, source-first SQL AST + compiler + runner.",10,✅ Web scraping | ✅ Database/storage | ✅ Indexing/search | ✅ Monitoring/watching | ✅ API integration | ✅ Scheduling,"Web Scraping | Database Storage | Indexing | Monitoring | API Integration | Scheduling | Platforms: GitHub, PyPI"
eva-exploit,PyPI,3.4.2,0.118,Exploit Vector Agent,10,✅ Web scraping | ✅ Browser automation | ✅ Database/storage | ✅ Indexing/search | ✅ Monitoring/watching | ✅ API integration | ✅ Scheduling | ✅ Data processing,"Web Scraping | Browser Automation | Database Storage | Indexing | Monitoring | API Integration | Scheduling | Data Processing | Platforms: GitHub, PyPI"
dashclaw,PyPI,2.0.3,0.083,Python SDK for the DashClaw AI agent decision infrastructure platform,10,✅ Web scraping | ✅ Database/storage | ✅ Indexing/search | ✅ Monitoring/watching | ✅ API integration | ✅ Scheduling | ✅ Data processing,"Web Scraping | Database Storage | Indexing | Monitoring | API Integration | Scheduling | Data Processing | Platforms: GitHub, PyPI, News/Articles"
rai-cli,PyPI,2.0.4,0.635,RaiSE CLI - Reliable AI Software Engineering governance framework,10,✅ Web scraping | ✅ Database/storage | ✅ Indexing/search | ✅ Monitoring/watching | ✅ API integration | ✅ Data processing,"Web Scraping | Database Storage | Indexing | Monitoring | API Integration | Data Processing | Platforms: GitHub, PyPI"
smellcheck,PyPI,0.3.8,1.7,"Python code smell detector -- 83 refactoring patterns, 56 AST checks, zero dependencies",10,✅ Web scraping | ✅ Database/storage | ✅ Indexing/search | ✅ Monitoring/watching | ✅ API integration | ✅ Scheduling | ✅ Data processing,"Web Scraping | Database Storage | Indexing | Monitoring | API Integration | Scheduling | Data Processing | Platforms: GitHub, PyPI"
statezero,PyPI,0.1.0b73,0.224,Connect your Python backend to a modern JavaScript SPA frontend with 90% less complexity.,10,✅ Web scraping | ✅ Database/storage | ✅ Indexing/search | ✅ Monitoring/watching | ✅ API integration | ✅ Scheduling,"Web Scraping | Database Storage | Indexing | Monitoring | API Integration | Scheduling | Platforms: NPM, PyPI"
spark-viewer-tui,PyPI,0.1.9,0.608,,10,✅ Browser automation | ✅ Database/storage | ✅ Indexing/search | ✅ Monitoring/watching | ✅ API integration | ✅ Scheduling,"Browser Automation | Database Storage | Indexing | Monitoring | API Integration | Scheduling | Platforms: GitHub, PyPI"
aixplain,PyPI,0.2.41,1.404,aiXplain SDK adds AI functions to software.,10,✅ Web scraping | ✅ Database/storage | ✅ Indexing/search | ✅ Monitoring/watching | ✅ API integration | ✅ Scheduling | ✅ Data processing,"Web Scraping | Database Storage | Indexing | Monitoring | API Integration | Scheduling | Data Processing | Platforms: GitHub, PyPI"
cowork-dash,PyPI,0.3.5,2.852,"Web UI for deepagents — AI-powered workspace with streaming, file browser, and canvas",10,✅ Web scraping | ✅ Browser automation | ✅ Database/storage | ✅ Monitoring/watching | ✅ API integration | ✅ Data processing,"Web Scraping | Browser Automation | Database Storage | Monitoring | API Integration | Data Processing | Platforms: NPM, GitHub, PyPI"
huntd,PyPI,0.6.1,0.071,Your coding fingerprint — local git analytics dashboard for all your repos.,10,✅ Web scraping | ✅ Database/storage | ✅ Indexing/search | ✅ Monitoring/watching | ✅ API integration | ✅ Scheduling | ✅ Data processing,"Web Scraping | Database Storage | Indexing | Monitoring | API Integration | Scheduling | Data Processing | Platforms: GitHub, PyPI"
ai-news-collector-lib,PyPI,0.1.5,0.709,A Python library for collecting AI-related news from multiple sources,10,✅ Web scraping | ✅ Database/storage | ✅ Indexing/search | ✅ Monitoring/watching | ✅ API integration | ✅ Scheduling | ✅ Data processing,"Web Scraping | Database Storage | Indexing | Monitoring | API Integration | Scheduling | Data Processing | Platforms: GitHub, PyPI, News/Articles"
graftpunk,PyPI,1.8.0,0.904,Turn any website into an API. Graft scriptable access onto authenticated web services.,10,✅ Web scraping | ✅ Browser automation | ✅ Database/storage | ✅ Monitoring/watching | ✅ API integration | ✅ Scheduling | ✅ Data processing,"Web Scraping | Browser Automation | Database Storage | Monitoring | API Integration | Scheduling | Data Processing | Platforms: GitHub, PyPI, Browser Extensions"
flyto-indexer,PyPI,1.2.0,0.294,"Code intelligence MCP server for AI-assisted development — impact analysis, semantic search, and dependency graphs",9.5,✅ Web scraping | ✅ Indexing/search | ✅ Monitoring/watching | ✅ API integration | ✅ Scheduling | ✅ Data processing,"Web Scraping | Indexing | Monitoring | API Integration | Scheduling | Data Processing | Platforms: GitHub, PyPI"
solace-agent-mesh,PyPI,1.17.1,18.453,"Solace Agent Mesh is an open-source framework for building event-driven, multi-agent AI systems where specialized agents collaborate on complex tasks.",9.5,✅ Web scraping | ✅ Database/storage | ✅ Monitoring/watching | ✅ API integration | ✅ Scheduling,"Web Scraping | Database Storage | Monitoring | API Integration | Scheduling | Platforms: GitHub, PyPI"
sql-dag-flow,PyPI,0.2.1,1.658,A sophisticated SQL lineage visualization tool for Medallion Architectures.,9.5,✅ Browser automation | ✅ Database/storage | ✅ Indexing/search | ✅ API integration | ✅ Scheduling | ✅ Data processing,"Browser Automation | Database Storage | Indexing | API Integration | Scheduling | Data Processing | Platforms: GitHub, PyPI, Docker"
abi-core-ai,PyPI,1.6.3,0.47,Agent-Based Infrastructure Core - Runtime and CLI,9.0,✅ Database/storage | ✅ Indexing/search | ✅ Monitoring/watching | ✅ API integration | ✅ Scheduling | ✅ Data processing,"Database Storage | Indexing | Monitoring | API Integration | Scheduling | Data Processing | Platforms: GitHub, PyPI, Docker"
empirica,PyPI,1.5.5,2.272,Genuine AI epistemic self-assessment framework - Universal interface for single AI tracking,9.0,✅ Database/storage | ✅ Indexing/search | ✅ Monitoring/watching | ✅ API integration | ✅ Scheduling | ✅ Data processing,"Database Storage | Indexing | Monitoring | API Integration | Scheduling | Data Processing | Platforms: GitHub, PyPI, Docker"
pactown,PyPI,0.1.166,0.588,Pactown Ecosystem Orchestrator - Build and manage decentralized microservice ecosystems from Markdown READMEs using markpact sandboxes and a centralized service registry.,9.0,✅ Database/storage | ✅ Indexing/search | ✅ Monitoring/watching | ✅ API integration | ✅ Scheduling | ✅ Data processing,"Database Storage | Indexing | Monitoring | API Integration | Scheduling | Data Processing | Platforms: GitHub, PyPI, Docker"
orionbelt-semantic-layer,PyPI,0.3.0,1.195,OrionBelt Semantic Layer - Compiles YAML semantic models into analytical SQL,9.0,✅ Database/storage | ✅ Indexing/search | ✅ Monitoring/watching | ✅ API integration | ✅ Scheduling | ✅ Data processing,"Database Storage | Indexing | Monitoring | API Integration | Scheduling | Data Processing | Platforms: GitHub, PyPI, Browser Extensions"
xai-review,PyPI,0.59.0,0.432,"AI-powered code review tool for GitHub, GitLab, Bitbucket Cloud, Bitbucket Server, Azure DevOps and Gitea — built with LLMs like OpenAI, Claude, Gemini, Ollama, Bedrock, OpenRouter and Azure OpenAI",9.0,✅ Web scraping | ✅ Database/storage | ✅ API integration | ✅ Scheduling | ✅ Data processing,"Web Scraping | Database Storage | API Integration | Scheduling | Data Processing | Platforms: GitHub, PyPI, Docker"
griptape,PyPI,1.9.3,0.592,"Modular Python framework for LLM workflows, tools, memory, and data.",9.0,✅ Web scraping | ✅ Database/storage | ✅ Indexing/search | ✅ API integration | ✅ Data processing,"Web Scraping | Database Storage | Indexing | API Integration | Data Processing | Platforms: GitHub, PyPI"
predicate-runtime,PyPI,1.1.1,0.732,Python SDK for Sentience AI Agent Browser Automation,9.0,✅ Browser automation | ✅ Database/storage | ✅ Monitoring/watching | ✅ API integration | ✅ Scheduling,"Browser Automation | Database Storage | Monitoring | API Integration | Scheduling | Platforms: GitHub, PyPI, Browser Extensions"
iris-vector-graph,PyPI,1.6.5,0.498,"Transactional Graph + Vector retrieval system for InterSystems IRIS with hybrid search, openCypher, and GraphQL APIs",9.0,✅ Database/storage | ✅ Indexing/search | ✅ Monitoring/watching | ✅ API integration | ✅ Scheduling | ✅ Data processing,"Database Storage | Indexing | Monitoring | API Integration | Scheduling | Data Processing | Platforms: GitHub, PyPI, Docker"
mcp-server-py2many,PyPI,0.1.1,0.022,MCP Server for py2many - transpile Python to multiple languages,8.5,✅ Web scraping | ✅ Indexing/search | ✅ Monitoring/watching | ✅ API integration | ✅ Data processing,"Web Scraping | Indexing | Monitoring | API Integration | Data Processing | Platforms: GitHub, PyPI"
pocketpaw,PyPI,0.4.4,42.526,"The AI agent that runs on your laptop, not a datacenter. OpenClaw alternative with one-command install.",8.5,✅ Browser automation | ✅ Indexing/search | ✅ Monitoring/watching | ✅ API integration | ✅ Scheduling,"Browser Automation | Indexing | Monitoring | API Integration | Scheduling | Platforms: GitHub, PyPI, Docker"
playwright-mcp-forge,PyPI,1.3.0,0.026,Enterprise-grade web automation with 35 MCP tools + auto-healing + optional LLM,8.5,✅ Web scraping | ✅ Browser automation | ✅ API integration | ✅ Scheduling | ✅ Data processing,"Web Scraping | Browser Automation | API Integration | Scheduling | Data Processing | Platforms: GitHub, PyPI"
onorous,PyPI,0.1.0,0.025,Ono - Universal AI-Powered Preprocessor,8.5,✅ Database/storage | ✅ Indexing/search | ✅ Monitoring/watching | ✅ API integration | ✅ Scheduling | ✅ Data processing,"Database Storage | Indexing | Monitoring | API Integration | Scheduling | Data Processing | Platforms: PyPI, Docker"
@mrxkun/mcfast-mcp,NPM,4.2.5,15.22,"Ultra-fast code editing with native sqlite-vec vector search (10x faster), WASM acceleration, fast-glob codebase scan, and parallel indexing.",8.5,✅ Database/storage | ✅ Indexing/search | ✅ Monitoring/watching | ✅ API integration | ✅ Scheduling | ✅ Data processing,"Database Storage | Indexing | Monitoring | API Integration | Scheduling | Data Processing | Platforms: NPM, GitHub"
antaris-pipeline,PyPI,3.0.0,0.153,Unified orchestration pipeline for Antaris Analytics Suite,8.5,✅ Database/storage | ✅ Indexing/search | ✅ Monitoring/watching | ✅ API integration | ✅ Scheduling | ✅ Data processing,"Database Storage | Indexing | Monitoring | API Integration | Scheduling | Data Processing | Platforms: GitHub, PyPI"
graphbit,PyPI,0.6.5,35.208,GraphBit - Advanced workflow automation and AI agent orchestration library,8.5,✅ Database/storage | ✅ Indexing/search | ✅ Monitoring/watching | ✅ API integration | ✅ Scheduling | ✅ Data processing,"Database Storage | Indexing | Monitoring | API Integration | Scheduling | Data Processing | Platforms: GitHub, PyPI"
topologicpy,PyPI,0.9.4,0.55,"An AI-Powered Spatial Modelling and Analysis Software Library for Architecture, Engineering, and Construction.",8.5,✅ Web scraping | ✅ Database/storage | ✅ API integration | ✅ Scheduling | ✅ Data processing,"Web Scraping | Database Storage | API Integration | Scheduling | Data Processing | Platforms: GitHub, PyPI"
jesse,PyPI,1.13.2,16.309,A trading framework for cryptocurrencies,8.5,✅ Database/storage | ✅ Indexing/search | ✅ Monitoring/watching | ✅ API integration | ✅ Scheduling,"Database Storage | Indexing | Monitoring | API Integration | Scheduling | Platforms: GitHub, PyPI, Docker"
foundry-sandbox,PyPI,0.18.2,0.792,Docker-based sandbox environment for running Claude Code with isolated credentials,8.0,✅ Database/storage | ✅ Indexing/search | ✅ API integration | ✅ Scheduling | ✅ Data processing,"Database Storage | Indexing | API Integration | Scheduling | Data Processing | Platforms: NPM, GitHub, PyPI, Docker"
mcp-scan,PyPI,0.4.2,1.396,MCP Scan tool,8.0,✅ Database/storage | ✅ Indexing/search | ✅ Monitoring/watching | ✅ API integration | ✅ Scheduling,"Database Storage | Indexing | Monitoring | API Integration | Scheduling | Platforms: GitHub, PyPI"
netra-sdk,PyPI,0.1.69,0.354,"A Python SDK for AI application observability that provides OpenTelemetry-based monitoring, tracing, and PII protection for LLM and vector database applications. Enables easy instrumentation, session tracking, and privacy-focused data collection for AI systems in production environments.",8.0,✅ Database/storage | ✅ Indexing/search | ✅ Monitoring/watching | ✅ API integration | ✅ Scheduling | ✅ Data processing,Database Storage | Indexing | Monitoring | API Integration | Scheduling | Data Processing | Platforms: PyPI
agentops-cockpit,PyPI,2.0.2,18.064,Production-grade Agent Operations (AgentOps) Platform,8.0,✅ Database/storage | ✅ Indexing/search | ✅ Monitoring/watching | ✅ API integration | ✅ Scheduling,"Database Storage | Indexing | Monitoring | API Integration | Scheduling | Platforms: GitHub, PyPI"
labwatch,PyPI,0.6.12,0.185,"Homelab monitoring CLI — system resources, Docker, systemd, HTTP, DNS, VPNs, and more with push notifications via ntfy",8.0,✅ Database/storage | ✅ Monitoring/watching | ✅ API integration | ✅ Scheduling | ✅ Data processing,"Database Storage | Monitoring | API Integration | Scheduling | Data Processing | Platforms: GitHub, PyPI, Docker, Browser Extensions"
pydantic-ai-backend,PyPI,0.1.10,12.819,File storage and sandbox backends for AI agents,8.0,✅ Database/storage | ✅ Indexing/search | ✅ Monitoring/watching | ✅ API integration | ✅ Data processing,"Database Storage | Indexing | Monitoring | API Integration | Data Processing | Platforms: GitHub, PyPI, Docker"
crtx,PyPI,0.2.1,1.27,Multi-model AI orchestration platform. Plugin any LLM. Ship better code.,8.0,✅ Web scraping | ✅ Indexing/search | ✅ API integration | ✅ Scheduling | ✅ Data processing,"Web Scraping | Indexing | API Integration | Scheduling | Data Processing | Platforms: GitHub, PyPI"
leafmap,PyPI,0.60.1,3.969,A Python package for geospatial analysis and interactive mapping in a Jupyter environment.,8.0,✅ Database/storage | ✅ Indexing/search | ✅ Monitoring/watching | ✅ API integration | ✅ Data processing,"Database Storage | Indexing | Monitoring | API Integration | Data Processing | Platforms: GitHub, PyPI, News/Articles"
plane-agent,PyPI,0.1.5,0.066,Plane MCP Agent,7.5,✅ Database/storage | ✅ Indexing/search | ✅ Monitoring/watching | ✅ API integration | ✅ Scheduling | ✅ Data processing,"Database Storage | Indexing | Monitoring | API Integration | Scheduling | Data Processing | Platforms: GitHub, Docker"
mobgap,PyPI,1.1.0,11.189,A Python implementation of the Mobilise-D algorithm pipeline for gait analysis using IMU worn at the lower back.,7.5,✅ Database/storage | ✅ Indexing/search | ✅ Monitoring/watching | ✅ API integration,"Database Storage | Indexing | Monitoring | API Integration | Platforms: GitHub, PyPI, News/Articles"
aigie,PyPI,0.2.14,1.821,Enterprise-grade AI agent reliability monitoring and autonomous remediation,7.5,✅ Web scraping | ✅ Monitoring/watching | ✅ API integration | ✅ Scheduling | ✅ Data processing,Web Scraping | Monitoring | API Integration | Scheduling | Data Processing | Platforms: PyPI
nlweb-crawler,PyPI,0.7.1,0.172,NLWeb Crawler - Web crawling and indexing service,7.5,✅ Web scraping | ✅ Indexing/search | ✅ API integration | ✅ Scheduling | ✅ Data processing,Web Scraping | Indexing | API Integration | Scheduling | Data Processing | Platforms: Docker
pyturbocode,PyPI,0.1.13,0.006,A simple implementation of a turbo encoder and decoder,7.5,✅ Web scraping | ✅ Monitoring/watching | ✅ API integration | ✅ Scheduling | ✅ Data processing,Web Scraping | Monitoring | API Integration | Scheduling | Data Processing | Platforms: PyPI
eip-mcp,PyPI,0.3.4,0.083,MCP server for the Exploit Intelligence Platform — vulnerability and exploit intelligence for AI assistants,7.0,✅ Database/storage | ✅ Indexing/search | ✅ API integration | ✅ Scheduling,"Database Storage | Indexing | API Integration | Scheduling | Platforms: GitHub, PyPI, Docker"
ouroboros-ai,PyPI,0.12.2,1.189,Self-Improving AI Workflow System,7.0,✅ Database/storage | ✅ Monitoring/watching | ✅ API integration | ✅ Scheduling | ✅ Data processing,"Database Storage | Monitoring | API Integration | Scheduling | Data Processing | Platforms: GitHub, PyPI"
aetherflow-core,PyPI,0.0.14,0.214,"Workflow operations engine (flow/job/step) with state, resume, cleanup and plugins.",7.0,✅ Database/storage | ✅ Indexing/search | ✅ API integration | ✅ Scheduling | ✅ Data processing,"Database Storage | Indexing | API Integration | Scheduling | Data Processing | Platforms: GitHub, PyPI"
rdsa-utils,PyPI,0.16.1,0.184,"A suite of PySpark, Pandas, and general pipeline utils for Reproducible Data Science and Analysis (RDSA) projects.",7.0,✅ Database/storage | ✅ Indexing/search | ✅ API integration | ✅ Scheduling | ✅ Data processing,"Database Storage | Indexing | API Integration | Scheduling | Data Processing | Platforms: GitHub, PyPI"
ragscore,PyPI,0.7.4,0.112,"The Fastest RAG Audit - Generate QA datasets & evaluate RAG systems in Colab, Jupyter, or CLI. Privacy-first, lightning fast, visual reports.",6.5,✅ Database/storage | ✅ Indexing/search | ✅ API integration | ✅ Scheduling,"Database Storage | Indexing | API Integration | Scheduling | Platforms: GitHub, PyPI"
cpz-ai,PyPI,1.7.1,0.231,"CPZAI Python SDK for trading strategies, market data, and multi-broker execution",6.5,✅ Indexing/search | ✅ Monitoring/watching | ✅ API integration | ✅ Scheduling,"Indexing | Monitoring | API Integration | Scheduling | Platforms: GitHub, PyPI, News/Articles"
resi-builder,PyPI,1.3.0,0.033,Create a resume and cover letter automatically,6.5,✅ Database/storage | ✅ Indexing/search | ✅ API integration | ✅ Scheduling | ✅ Data processing,Database Storage | Indexing | API Integration | Scheduling | Data Processing | Platforms: PyPI
cognee-community-graph-adapter-memgraph,PyPI,0.1.2,0.383,Memgraph graph database adapter for cognee,6.5,✅ Database/storage | ✅ Indexing/search | ✅ Monitoring/watching | ✅ Data processing,"Database Storage | Indexing | Monitoring | Data Processing | Platforms: GitHub, PyPI"
ralph-tui,NPM,0.10.0,14.335,Ralph TUI - AI Agent Loop Orchestrator,6.0,✅ Database/storage | ✅ Monitoring/watching | ✅ Scheduling | ✅ Data processing,"Database Storage | Monitoring | Scheduling | Data Processing | Platforms: NPM, GitHub"
aria-runtime,PyPI,0.1.0,0.087,"Agent Runtime for Intelligent Automation — local-first, secure by default",6.0,✅ Database/storage | ✅ Monitoring/watching | ✅ API integration | ✅ Scheduling | ✅ Data processing,Database Storage | Monitoring | API Integration | Scheduling | Data Processing
pact-agents,PyPI,0.2.0,0.466,Contract-first multi-agent software engineering. Contracts before code. Tests as law. Agents that can't cheat.,6.0,✅ Database/storage | ✅ Monitoring/watching | ✅ API integration | ✅ Data processing,"Database Storage | Monitoring | API Integration | Data Processing | Platforms: GitHub, PyPI"
isoring,PyPI,0.1.8,0.056,A structure for data security and a cracking environment.,6.0,✅ Database/storage | ✅ Indexing/search | ✅ API integration | ✅ Data processing,"Database Storage | Indexing | API Integration | Data Processing | Platforms: GitHub, PyPI"
sphinx-ai-cli,PyPI,1.0.6,3.838,CLI for Sphinx AI,5.5,✅ Browser automation | ✅ Database/storage | ✅ Scheduling | ✅ Data processing,Browser Automation | Database Storage | Scheduling | Data Processing
isage-agentic,PyPI,0.1.0.3,0.143,"SAGE Agentic Framework - Agent framework, planning, tool selection, and workflow",5.5,✅ Indexing/search | ✅ Monitoring/watching | ✅ API integration | ✅ Data processing,"Indexing | Monitoring | API Integration | Data Processing | Platforms: GitHub, PyPI"
smelt-ai,PyPI,0.1.4,0.232,LLM-powered structured data transformation,5.5,✅ Indexing/search | ✅ Monitoring/watching | ✅ API integration | ✅ Data processing,"Indexing | Monitoring | API Integration | Data Processing | Platforms: GitHub, PyPI"
root-engine,PyPI,0.2.0,0.288,A lightweight personal AI assistant framework,5.0,✅ Database/storage | ✅ API integration | ✅ Scheduling,"Database Storage | API Integration | Scheduling | Platforms: PyPI, Docker"
pydocket,PyPI,0.17.9,0.423,A distributed background task system for Python functions,5.0,✅ Monitoring/watching | ✅ API integration | ✅ Scheduling | ✅ Data processing,"Monitoring | API Integration | Scheduling | Data Processing | Platforms: GitHub, PyPI"
k8s-agent-sandbox,PyPI,0.1.1.post3,0.05,A client library to interact with the Agentic Sandbox on Kubernetes.,5.0,✅ Database/storage | ✅ API integration | ✅ Scheduling,"Database Storage | API Integration | Scheduling | Platforms: GitHub, PyPI"
rasa-pro,PyPI,3.15.11,9.608,State-of-the-art open-core Conversational AI framework for Enterprises that natively leverages generative AI for effortless assistant development.,5.0,✅ Database/storage | ✅ API integration | ✅ Scheduling | ✅ Data processing,Database Storage | API Integration | Scheduling | Data Processing | Platforms: PyPI
k8s-ai-cli,PyPI,0.1.5,0.023,CLI that explains Kubernetes pod failures from logs using AI. Works locally with kubectl.,4.5,✅ Database/storage | ✅ API integration | ✅ Scheduling,Database Storage | API Integration | Scheduling | Platforms: PyPI
jleechanorg-orchestration,PyPI,0.1.74,0.301,AI Orchestration - tmux-based interactive AI CLI wrapper and multi-agent orchestration system,4.0,✅ Database/storage | ✅ Scheduling | ✅ Data processing,Database Storage | Scheduling | Data Processing | Platforms: PyPI
feagi-core,PyPI,2.1.21,45.04,"Core SDK for building FEAGI agents, controlling the neural engine, and creating marketplace packages (without Brain Visualizer)",3.5,✅ API integration | ✅ Scheduling | ✅ Data processing,"API Integration | Scheduling | Data Processing | Platforms: GitHub, PyPI"
feagi-bv,PyPI,2.2.2,0.004,Brain Visualizer runtime package for FEAGI (meta-package),3.5,✅ API integration | ✅ Scheduling | ✅ Data processing,"API Integration | Scheduling | Data Processing | Platforms: GitHub, PyPI"
py2many,PyPI,0.8,0.158,"Python to Rust, C++, Go, Zig, Mojo & More - Universal Python Transpiler",3.0,✅ Scheduling | ✅ Data processing,"Scheduling | Data Processing | Platforms: GitHub, PyPI, Browser Extensions"
feagi-rust-py-libs,PyPI,0.0.86,65.443,"Rust-powered Python libraries for FEAGI data processing, sensorimotor encoding, and agent communication",3.0,✅ Indexing/search | ✅ Data processing,"Indexing | Data Processing | Platforms: GitHub, PyPI"
langchain-dev-utils,PyPI,1.4.5,0.32,A practical utility library for LangChain and LangGraph development,2.5,✅ API integration | ✅ Data processing,"API Integration | Data Processing | Platforms: GitHub, PyPI"
feagi,PyPI,2.1.21,0.005,Complete FEAGI SDK with Brain Visualizer - Framework for Evolutionary Artificial General Intelligence,2.5,✅ Monitoring/watching,"Monitoring | Platforms: GitHub, PyPI"
unitypredict-engines,PyPI,1.1.83,0.054,,2.0,✅ API integration,"API Integration | Platforms: PyPI, Browser Extensions"
feagi-bv-linux,PyPI,2.2.2,50.941,Brain Visualizer binaries for Linux (part of feagi-bv),1.5,✅ Scheduling,Scheduling | Platforms: PyPI
feagi-bv-windows,PyPI,2.2.2,74.652,Brain Visualizer binaries for Windows (part of feagi-bv),1.5,✅ Scheduling,Scheduling | Platforms: PyPI
@sqlrooms/ai-core,NPM,0.27.0,0.574,"An AI integration package for SQLRooms that provides components and utilities for adding AI-powered features to your data applications. This package enables natural language querying, data analysis, and AI-assisted insights.",1.5,✅ Indexing/search,Indexing
ai-dont-care-about-cookies,PyPI,1.0.0,0.858,"Block cookie consent dialogs in Playwright - built for AI agents and web automation. Uses 15,000+ rules from 'I Still Don't Care About Cookies'.",1,✅ Scheduling,Scheduling
wafer-ai,PyPI,0.0.31,2.505,"Unified Wafer CLI, SDK, and LSP package",0.5,❌ Not suitable for content aggregation,Platforms: PyPI
codingbuddy,NPM,4.3.0,2.146,Multi-AI Rules MCP Server - One source of truth for AI coding rules across all AI assistants,0,❌ Not suitable for content aggregation,N/A
@inkeep/agents-sdk,NPM,0.51.0,0.297,Agents SDK for building and managing agents in the Inkeep Agent Framework,0,❌ Not suitable for content aggregation,N/A
codingbuddy-claude-plugin,NPM,4.3.0,0.005,"Claude Code Plugin for CodingBuddy - PLAN/ACT/EVAL workflow, specialist agents, and reusable skills",0,❌ Not suitable for content aggregation,N/A
@open-mercato/ai-assistant,NPM,0.4.5-canary-a3a95e7efd,1.448,,0,❌ Not suitable for content aggregation,N/A
